{
  "inputs": {
    "input0": [
      224,
      224,
      3
    ]
  },
  "outputs": {
    "output0": [
      1,
      1,
      5
    ]
  },
  "params_quantity": 3233989,
  "loss": [
    [
      1,
      1.64565
    ],
    [
      2,
      1.57705
    ],
    [
      3,
      1.49257
    ],
    [
      4,
      1.43653
    ],
    [
      5,
      1.36461
    ],
    [
      6,
      1.31356
    ],
    [
      7,
      1.27839
    ],
    [
      8,
      1.24292
    ],
    [
      9,
      1.2013
    ],
    [
      10,
      1.16896
    ],
    [
      11,
      1.14619
    ],
    [
      12,
      1.10317
    ],
    [
      13,
      1.09145
    ],
    [
      14,
      1.05671
    ],
    [
      15,
      1.03562
    ],
    [
      16,
      1.00831
    ],
    [
      17,
      0.99748
    ],
    [
      18,
      0.971
    ],
    [
      19,
      0.9716
    ],
    [
      20,
      0.94829
    ],
    [
      21,
      0.92773
    ],
    [
      22,
      0.91815
    ],
    [
      23,
      0.88973
    ],
    [
      24,
      0.88579
    ],
    [
      25,
      0.86177
    ],
    [
      26,
      0.87238
    ],
    [
      27,
      0.85033
    ],
    [
      28,
      0.84983
    ],
    [
      29,
      0.83999
    ],
    [
      30,
      0.82684
    ],
    [
      31,
      0.82006
    ],
    [
      32,
      0.81453
    ],
    [
      33,
      0.79408
    ],
    [
      34,
      0.79953
    ],
    [
      35,
      0.79089
    ],
    [
      36,
      0.78668
    ],
    [
      37,
      0.78323
    ],
    [
      38,
      0.7589
    ],
    [
      39,
      0.76805
    ],
    [
      40,
      0.74862
    ],
    [
      41,
      1.14295
    ],
    [
      42,
      0.97568
    ],
    [
      43,
      0.88929
    ],
    [
      44,
      0.84864
    ],
    [
      45,
      0.79969
    ],
    [
      46,
      0.75906
    ],
    [
      47,
      0.72958
    ],
    [
      48,
      0.70274
    ],
    [
      49,
      0.66196
    ],
    [
      50,
      0.6547
    ],
    [
      51,
      0.62735
    ],
    [
      52,
      0.59862
    ],
    [
      53,
      0.60533
    ],
    [
      54,
      0.59411
    ],
    [
      55,
      0.54247
    ],
    [
      56,
      0.55983
    ],
    [
      57,
      0.52246
    ],
    [
      58,
      0.51656
    ],
    [
      59,
      0.51393
    ],
    [
      60,
      0.49965
    ],
    [
      61,
      0.48644
    ],
    [
      62,
      0.47984
    ],
    [
      63,
      0.47048
    ],
    [
      64,
      0.46277
    ],
    [
      65,
      0.44575
    ],
    [
      66,
      0.44567
    ],
    [
      67,
      0.4403
    ],
    [
      68,
      0.44738
    ],
    [
      69,
      0.42521
    ],
    [
      70,
      0.42173
    ],
    [
      71,
      0.42635
    ],
    [
      72,
      0.41098
    ],
    [
      73,
      0.40803
    ],
    [
      74,
      0.39407
    ],
    [
      75,
      0.39161
    ],
    [
      76,
      0.38779
    ],
    [
      77,
      0.37886
    ],
    [
      78,
      0.37243
    ],
    [
      79,
      0.38271
    ],
    [
      80,
      0.36177
    ],
    [
      81,
      0.37977
    ],
    [
      82,
      0.35802
    ],
    [
      83,
      0.36162
    ],
    [
      84,
      0.36519
    ],
    [
      85,
      0.34174
    ],
    [
      86,
      0.35718
    ],
    [
      87,
      0.34321
    ],
    [
      88,
      0.35133
    ],
    [
      89,
      0.33706
    ],
    [
      90,
      0.34539
    ],
    [
      91,
      0.34322
    ],
    [
      92,
      0.34078
    ],
    [
      93,
      0.32959
    ],
    [
      94,
      0.33667
    ],
    [
      95,
      0.33251
    ],
    [
      96,
      0.32847
    ],
    [
      97,
      0.3323
    ],
    [
      98,
      0.32306
    ],
    [
      99,
      0.322
    ],
    [
      100,
      0.32229
    ]
  ],
  "acc": [
    [
      1,
      0.27186
    ],
    [
      2,
      0.31084
    ],
    [
      3,
      0.36217
    ],
    [
      4,
      0.40399
    ],
    [
      5,
      0.45437
    ],
    [
      6,
      0.50475
    ],
    [
      7,
      0.52567
    ],
    [
      8,
      0.55418
    ],
    [
      9,
      0.58745
    ],
    [
      10,
      0.59791
    ],
    [
      11,
      0.61882
    ],
    [
      12,
      0.64829
    ],
    [
      13,
      0.65114
    ],
    [
      14,
      0.69011
    ],
    [
      15,
      0.69202
    ],
    [
      16,
      0.71388
    ],
    [
      17,
      0.71388
    ],
    [
      18,
      0.71958
    ],
    [
      19,
      0.72529
    ],
    [
      20,
      0.74715
    ],
    [
      21,
      0.7443
    ],
    [
      22,
      0.75475
    ],
    [
      23,
      0.75475
    ],
    [
      24,
      0.77567
    ],
    [
      25,
      0.78327
    ],
    [
      26,
      0.76616
    ],
    [
      27,
      0.78327
    ],
    [
      28,
      0.78232
    ],
    [
      29,
      0.78042
    ],
    [
      30,
      0.78612
    ],
    [
      31,
      0.79563
    ],
    [
      32,
      0.78897
    ],
    [
      33,
      0.79753
    ],
    [
      34,
      0.79183
    ],
    [
      35,
      0.80323
    ],
    [
      36,
      0.79563
    ],
    [
      37,
      0.79373
    ],
    [
      38,
      0.81939
    ],
    [
      39,
      0.81274
    ],
    [
      40,
      0.81559
    ],
    [
      41,
      0.5884
    ],
    [
      42,
      0.70342
    ],
    [
      43,
      0.74525
    ],
    [
      44,
      0.76521
    ],
    [
      45,
      0.78707
    ],
    [
      46,
      0.80323
    ],
    [
      47,
      0.81844
    ],
    [
      48,
      0.8289
    ],
    [
      49,
      0.83745
    ],
    [
      50,
      0.84221
    ],
    [
      51,
      0.84791
    ],
    [
      52,
      0.86502
    ],
    [
      53,
      0.85361
    ],
    [
      54,
      0.84886
    ],
    [
      55,
      0.88023
    ],
    [
      56,
      0.86027
    ],
    [
      57,
      0.88213
    ],
    [
      58,
      0.90019
    ],
    [
      59,
      0.88308
    ],
    [
      60,
      0.88213
    ],
    [
      61,
      0.88783
    ],
    [
      62,
      0.89164
    ],
    [
      63,
      0.89068
    ],
    [
      64,
      0.89544
    ],
    [
      65,
      0.90779
    ],
    [
      66,
      0.90114
    ],
    [
      67,
      0.89354
    ],
    [
      68,
      0.88973
    ],
    [
      69,
      0.90589
    ],
    [
      70,
      0.89449
    ],
    [
      71,
      0.90494
    ],
    [
      72,
      0.91065
    ],
    [
      73,
      0.9116
    ],
    [
      74,
      0.90589
    ],
    [
      75,
      0.9097
    ],
    [
      76,
      0.91255
    ],
    [
      77,
      0.923
    ],
    [
      78,
      0.9249
    ],
    [
      79,
      0.89829
    ],
    [
      80,
      0.923
    ],
    [
      81,
      0.9154
    ],
    [
      82,
      0.9249
    ],
    [
      83,
      0.92205
    ],
    [
      84,
      0.9192
    ],
    [
      85,
      0.92205
    ],
    [
      86,
      0.923
    ],
    [
      87,
      0.9249
    ],
    [
      88,
      0.93061
    ],
    [
      89,
      0.92966
    ],
    [
      90,
      0.92395
    ],
    [
      91,
      0.93061
    ],
    [
      92,
      0.92776
    ],
    [
      93,
      0.92205
    ],
    [
      94,
      0.94202
    ],
    [
      95,
      0.93346
    ],
    [
      96,
      0.92966
    ],
    [
      97,
      0.9192
    ],
    [
      98,
      0.93251
    ],
    [
      99,
      0.92776
    ],
    [
      100,
      0.92966
    ]
  ],
  "lr": [
    [
      1,
      0.001
    ],
    [
      2,
      0.00098
    ],
    [
      3,
      0.00095
    ],
    [
      4,
      0.00093
    ],
    [
      5,
      0.00091
    ],
    [
      6,
      0.00089
    ],
    [
      7,
      0.00087
    ],
    [
      8,
      0.00085
    ],
    [
      9,
      0.00083
    ],
    [
      10,
      0.00081
    ],
    [
      11,
      0.00079
    ],
    [
      12,
      0.00078
    ],
    [
      13,
      0.00076
    ],
    [
      14,
      0.00074
    ],
    [
      15,
      0.00072
    ],
    [
      16,
      0.00071
    ],
    [
      17,
      0.00069
    ],
    [
      18,
      0.00068
    ],
    [
      19,
      0.00066
    ],
    [
      20,
      0.00065
    ],
    [
      21,
      0.00063
    ],
    [
      22,
      0.00062
    ],
    [
      23,
      0.0006
    ],
    [
      24,
      0.00059
    ],
    [
      25,
      0.00058
    ],
    [
      26,
      0.00056
    ],
    [
      27,
      0.00055
    ],
    [
      28,
      0.00054
    ],
    [
      29,
      0.00052
    ],
    [
      30,
      0.00051
    ],
    [
      31,
      0.0005
    ],
    [
      32,
      0.00049
    ],
    [
      33,
      0.00048
    ],
    [
      34,
      0.00047
    ],
    [
      35,
      0.00046
    ],
    [
      36,
      0.00045
    ],
    [
      37,
      0.00044
    ],
    [
      38,
      0.00043
    ],
    [
      39,
      0.00042
    ],
    [
      40,
      0.00041
    ],
    [
      41,
      0.0004
    ],
    [
      42,
      0.00039
    ],
    [
      43,
      0.00038
    ],
    [
      44,
      0.00037
    ],
    [
      45,
      0.00036
    ],
    [
      46,
      0.00035
    ],
    [
      47,
      0.00035
    ],
    [
      48,
      0.00034
    ],
    [
      49,
      0.00033
    ],
    [
      50,
      0.00032
    ],
    [
      51,
      0.00032
    ],
    [
      52,
      0.00031
    ],
    [
      53,
      0.0003
    ],
    [
      54,
      0.0003
    ],
    [
      55,
      0.00029
    ],
    [
      56,
      0.00028
    ],
    [
      57,
      0.00028
    ],
    [
      58,
      0.00027
    ],
    [
      59,
      0.00026
    ],
    [
      60,
      0.00026
    ],
    [
      61,
      0.00025
    ],
    [
      62,
      0.00025
    ],
    [
      63,
      0.00024
    ],
    [
      64,
      0.00023
    ],
    [
      65,
      0.00023
    ],
    [
      66,
      0.00022
    ],
    [
      67,
      0.00022
    ],
    [
      68,
      0.00021
    ],
    [
      69,
      0.00021
    ],
    [
      70,
      0.0002
    ],
    [
      71,
      0.0002
    ],
    [
      72,
      0.00019
    ],
    [
      73,
      0.00019
    ],
    [
      74,
      0.00019
    ],
    [
      75,
      0.00018
    ],
    [
      76,
      0.00018
    ],
    [
      77,
      0.00017
    ],
    [
      78,
      0.00017
    ],
    [
      79,
      0.00017
    ],
    [
      80,
      0.00016
    ],
    [
      81,
      0.00016
    ],
    [
      82,
      0.00015
    ],
    [
      83,
      0.00015
    ],
    [
      84,
      0.00015
    ],
    [
      85,
      0.00014
    ],
    [
      86,
      0.00014
    ],
    [
      87,
      0.00014
    ],
    [
      88,
      0.00013
    ],
    [
      89,
      0.00013
    ],
    [
      90,
      0.00013
    ],
    [
      91,
      0.00013
    ],
    [
      92,
      0.00012
    ],
    [
      93,
      0.00012
    ],
    [
      94,
      0.00012
    ],
    [
      95,
      0.00011
    ],
    [
      96,
      0.00011
    ],
    [
      97,
      0.00011
    ],
    [
      98,
      0.00011
    ],
    [
      99,
      0.0001
    ],
    [
      100,
      0.0001
    ]
  ],
  "val_loss": [
    [
      10,
      1.15873
    ],
    [
      20,
      0.96106
    ],
    [
      30,
      0.85401
    ],
    [
      40,
      0.78827
    ],
    [
      50,
      0.67311
    ],
    [
      60,
      0.53007
    ],
    [
      70,
      0.44946
    ],
    [
      80,
      0.40086
    ],
    [
      90,
      0.37202
    ],
    [
      100,
      0.35115
    ]
  ],
  "val_acc": [
    [
      10,
      0.6087
    ],
    [
      20,
      0.68696
    ],
    [
      30,
      0.73913
    ],
    [
      40,
      0.77391
    ],
    [
      50,
      0.83478
    ],
    [
      60,
      0.87826
    ],
    [
      70,
      0.89565
    ],
    [
      80,
      0.90435
    ],
    [
      90,
      0.91304
    ],
    [
      100,
      0.92174
    ]
  ],
  "mean": 123.5,
  "std": 58.395,
  "label_type": "classification",
  "data_type": "image",
  "labels": [
    "squirtle",
    "bulbasaur",
    "charmander",
    "mewtwo",
    "pikachu"
  ],
  "best_eval": {
    "epoch": 100,
    "val_acc": 0.922,
    "val_info": [
      {
        "name": "900073073b324b99b81d1fc0f5acf7e7.jpg",
        "nickname": "00000135.png",
        "pred": 0,
        "gt": 0,
        "ok": true
      },
      {
        "name": "9202db0d0b814de7938ae423e7315cb1.jpg",
        "nickname": "00000234.png",
        "pred": 1,
        "gt": 1,
        "ok": true
      },
      {
        "name": "df8b301776e945958749370a9ae2e525.jpg",
        "nickname": "00000033.jpg",
        "pred": 0,
        "gt": 0,
        "ok": true
      },
      {
        "name": "10782c1a768c4ce8bbef7309c86d8037.jpg",
        "nickname": "00000089.png",
        "pred": 0,
        "gt": 0,
        "ok": true
      },
      {
        "name": "d7f8ee79901a45c8a710a5f9c2d445f0.jpg",
        "nickname": "00000002.png",
        "pred": 1,
        "gt": 1,
        "ok": true
      },
      {
        "name": "99224a08b5314314b79fa45ea918f102.jpg",
        "nickname": "00000094.jpg",
        "pred": 1,
        "gt": 1,
        "ok": true
      },
      {
        "name": "2bc7b97e48254db7b9a1a78222ee8492.jpg",
        "nickname": "00000235.jpg",
        "pred": 4,
        "gt": 4,
        "ok": true
      },
      {
        "name": "7fd5637315024169813ced7ce70cdaf5.jpg",
        "nickname": "00000148.png",
        "pred": 0,
        "gt": 0,
        "ok": true
      },
      {
        "name": "4abb26abdc2f46c793598c40cf249245.jpg",
        "nickname": "00000091.jpg",
        "pred": 2,
        "gt": 2,
        "ok": true
      },
      {
        "name": "a81dd268008845499aa1e60ff7e2f4d5.jpg",
        "nickname": "00000164.jpg",
        "pred": 0,
        "gt": 2,
        "ok": false
      },
      {
        "name": "30f248de23d54f288934a8f99dd9aed1.jpg",
        "nickname": "00000084.jpg",
        "pred": 0,
        "gt": 0,
        "ok": true
      },
      {
        "name": "8c8b5b6c4f4e46af8f4b650179fba288.jpg",
        "nickname": "00000002.jpg",
        "pred": 2,
        "gt": 2,
        "ok": true
      },
      {
        "name": "865c8fb74c024adab9a38a416dddadb1.jpg",
        "nickname": "00000100.jpg",
        "pred": 2,
        "gt": 2,
        "ok": true
      },
      {
        "name": "99a5c437c2284b0a9a5cb3270feab1c1.jpg",
        "nickname": "00000166.png",
        "pred": 3,
        "gt": 3,
        "ok": true
      },
      {
        "name": "41d297e99f1b4aa390f9ae1ca8e0f497.jpg",
        "nickname": "00000211.jpg",
        "pred": 3,
        "gt": 3,
        "ok": true
      },
      {
        "name": "de922f3d046542dca0c23c45aa786fe4.jpg",
        "nickname": "00000129.jpg",
        "pred": 4,
        "gt": 4,
        "ok": true
      },
      {
        "name": "a1561ab60a384ab6b194664f5b5e009a.jpg",
        "nickname": "00000049.png",
        "pred": 3,
        "gt": 3,
        "ok": true
      },
      {
        "name": "f6658f113e444decada6f53b1fca04a1.jpg",
        "nickname": "00000064.jpg",
        "pred": 2,
        "gt": 2,
        "ok": true
      },
      {
        "name": "8f680ff8c0f74f53b313d5e7a6503b15.jpg",
        "nickname": "00000141.png",
        "pred": 1,
        "gt": 1,
        "ok": true
      },
      {
        "name": "7a8b09b1b83b48fa8b775fa59920fc2b.jpg",
        "nickname": "00000054.png",
        "pred": 2,
        "gt": 2,
        "ok": true
      },
      {
        "name": "936d374d17014fbb8cf5d353dfc2adcf.jpg",
        "nickname": "00000194.jpg",
        "pred": 3,
        "gt": 3,
        "ok": true
      },
      {
        "name": "88c7572b4b1d4ad49280f9cd21988385.jpg",
        "nickname": "00000050.png",
        "pred": 0,
        "gt": 0,
        "ok": true
      },
      {
        "name": "9d0cf4fbc34c4c069fc439fe65ba0da2.jpg",
        "nickname": "00000114.jpg",
        "pred": 2,
        "gt": 2,
        "ok": true
      },
      {
        "name": "399d3ad446184a94a78b0a410a132e17.jpg",
        "nickname": "00000003.png",
        "pred": 0,
        "gt": 0,
        "ok": true
      },
      {
        "name": "c206340ed9234f79be544297ef79f447.jpg",
        "nickname": "00000054.png",
        "pred": 3,
        "gt": 3,
        "ok": true
      },
      {
        "name": "82198cb0115e40efa0ecdf03803deade.jpg",
        "nickname": "00000031.png",
        "pred": 2,
        "gt": 2,
        "ok": true
      },
      {
        "name": "7bc0c45194e845ecae0871e17258eacb.jpg",
        "nickname": "00000101.jpg",
        "pred": 3,
        "gt": 3,
        "ok": true
      },
      {
        "name": "cee4d07c8e6b49758349dbc8e9debff6.jpg",
        "nickname": "00000091.jpg",
        "pred": 3,
        "gt": 3,
        "ok": true
      },
      {
        "name": "59539c1f0f5845ca9ecf5d6a3c2a1c8a.jpg",
        "nickname": "00000098.png",
        "pred": 3,
        "gt": 1,
        "ok": false
      },
      {
        "name": "2913adff74e645578f7c5464fa9a734f.jpg",
        "nickname": "00000032.jpg",
        "pred": 0,
        "gt": 0,
        "ok": true
      },
      {
        "name": "92cc2f4251b44ecda5afa4cde2e087f3.jpg",
        "nickname": "00000117.png",
        "pred": 1,
        "gt": 1,
        "ok": true
      },
      {
        "name": "df5ba12f1dbf4549a6631faeaa4eeb05.jpg",
        "nickname": "00000081.png",
        "pred": 0,
        "gt": 0,
        "ok": true
      },
      {
        "name": "eb4f92d0e99d4c0c9d205b5690b4bc1e.jpg",
        "nickname": "00000022.png",
        "pred": 3,
        "gt": 3,
        "ok": true
      },
      {
        "name": "7ea4c2582a2a43f490a7e7bbfcd59125.jpg",
        "nickname": "00000201.png",
        "pred": 4,
        "gt": 4,
        "ok": true
      },
      {
        "name": "97859f719a034bc8bc2eaa90f2250b39.jpg",
        "nickname": "00000049.jpg",
        "pred": 2,
        "gt": 2,
        "ok": true
      },
      {
        "name": "87a8bb440e464da9b1f003459dc48701.jpg",
        "nickname": "00000151.png",
        "pred": 3,
        "gt": 1,
        "ok": false
      },
      {
        "name": "4c4b80fa18ea46539ee4bc4b350e7900.jpg",
        "nickname": "00000067.png",
        "pred": 4,
        "gt": 4,
        "ok": true
      },
      {
        "name": "d4c7d9fd2ddf46c0b822d611aa45402f.jpg",
        "nickname": "00000179.jpg",
        "pred": 1,
        "gt": 1,
        "ok": true
      },
      {
        "name": "c7fce34b55f94b199a602bf81fcb975e.jpg",
        "nickname": "00000166.jpg",
        "pred": 4,
        "gt": 4,
        "ok": true
      },
      {
        "name": "19a05a21cc9445e6a5a02ece7bac7316.jpg",
        "nickname": "00000121.jpg",
        "pred": 2,
        "gt": 2,
        "ok": true
      },
      {
        "name": "11ec547338a649f7873dbc5272cbec83.jpg",
        "nickname": "00000178.jpg",
        "pred": 1,
        "gt": 1,
        "ok": true
      },
      {
        "name": "5b14db76170f490faff79487c6cc86ac.jpg",
        "nickname": "00000185.png",
        "pred": 3,
        "gt": 3,
        "ok": true
      },
      {
        "name": "cdd580e2d1894ec2bda92ac64ddf7b5a.jpg",
        "nickname": "00000148.jpg",
        "pred": 2,
        "gt": 2,
        "ok": true
      },
      {
        "name": "f1641650da864c80a7171dd935f09528.jpg",
        "nickname": "00000045.png",
        "pred": 4,
        "gt": 4,
        "ok": true
      },
      {
        "name": "70a55f375a58446889c8411c372ee439.jpg",
        "nickname": "00000139.png",
        "pred": 4,
        "gt": 4,
        "ok": true
      },
      {
        "name": "b17f5887312447979230a6c5e838b33a.jpg",
        "nickname": "00000069.png",
        "pred": 4,
        "gt": 4,
        "ok": true
      },
      {
        "name": "a6a20e41bc3c4e6a9d73070165d23272.jpg",
        "nickname": "00000003.png",
        "pred": 2,
        "gt": 2,
        "ok": true
      },
      {
        "name": "8e6a4b0938aa4ec998665f6f636b4bf2.jpg",
        "nickname": "00000143.jpg",
        "pred": 2,
        "gt": 2,
        "ok": true
      },
      {
        "name": "33099809408c469c930937e05c3a3f64.jpg",
        "nickname": "00000061.jpg",
        "pred": 4,
        "gt": 4,
        "ok": true
      },
      {
        "name": "ac821e18c6f94ae5a797fd29f4580841.jpg",
        "nickname": "00000035.jpg",
        "pred": 1,
        "gt": 1,
        "ok": true
      },
      {
        "name": "aa71afe5c0184402947e6f60c355a8fe.jpg",
        "nickname": "00000148.png",
        "pred": 1,
        "gt": 1,
        "ok": true
      },
      {
        "name": "823e5655665049d1890546aec1591b15.jpg",
        "nickname": "00000159.jpg",
        "pred": 4,
        "gt": 4,
        "ok": true
      },
      {
        "name": "51609438d4f041439e9be177e64113a0.jpg",
        "nickname": "00000029.jpg",
        "pred": 3,
        "gt": 3,
        "ok": true
      },
      {
        "name": "cfac0c41335742b994b7a21409e90df8.jpg",
        "nickname": "00000168.jpg",
        "pred": 1,
        "gt": 1,
        "ok": true
      },
      {
        "name": "ec03b228649042639d1b542f6ab3915e.jpg",
        "nickname": "00000040.png",
        "pred": 0,
        "gt": 0,
        "ok": true
      },
      {
        "name": "4937eb55217946b399edec5db1c8c172.jpg",
        "nickname": "00000104.png",
        "pred": 1,
        "gt": 1,
        "ok": true
      },
      {
        "name": "4b5d6c2204074e168264b318b55c01eb.jpg",
        "nickname": "00000053.png",
        "pred": 3,
        "gt": 3,
        "ok": true
      },
      {
        "name": "0b1051cd0c294bb497360edb4db2d0ac.jpg",
        "nickname": "00000028.jpg",
        "pred": 0,
        "gt": 0,
        "ok": true
      },
      {
        "name": "62a17f1fe2fe4c81ae45580b52a9859b.jpg",
        "nickname": "00000171.png",
        "pred": 4,
        "gt": 4,
        "ok": true
      },
      {
        "name": "0567fff70fe3456aa602648b33d916a2.jpg",
        "nickname": "00000206.png",
        "pred": 0,
        "gt": 0,
        "ok": true
      },
      {
        "name": "8536cb2fb1c84da696b4af553da6e348.jpg",
        "nickname": "00000146.jpg",
        "pred": 1,
        "gt": 1,
        "ok": true
      },
      {
        "name": "d7d0a3ced04c49eebf6fc2f4ad0a13ae.jpg",
        "nickname": "00000183.jpg",
        "pred": 3,
        "gt": 3,
        "ok": true
      },
      {
        "name": "372c29610a4f47188df1f20d777d2fc0.jpg",
        "nickname": "00000201.png",
        "pred": 3,
        "gt": 3,
        "ok": true
      },
      {
        "name": "5ff282ced2f148a39f27c4eaea06cca3.jpg",
        "nickname": "00000214.jpg",
        "pred": 3,
        "gt": 3,
        "ok": true
      },
      {
        "name": "2ac1990ffbdd4bd5bc56fa608274dfb9.jpg",
        "nickname": "00000088.jpg",
        "pred": 2,
        "gt": 2,
        "ok": true
      },
      {
        "name": "64a40c8d8682407b98e0db81ddf104bf.jpg",
        "nickname": "00000220.jpg",
        "pred": 0,
        "gt": 0,
        "ok": true
      },
      {
        "name": "7afe51c9e8c647cf9b53da1981042795.jpg",
        "nickname": "00000093.png",
        "pred": 1,
        "gt": 1,
        "ok": true
      },
      {
        "name": "96fffc80d72a4feb97ee71cb08c9892f.jpg",
        "nickname": "00000217.png",
        "pred": 2,
        "gt": 2,
        "ok": true
      },
      {
        "name": "84aa0df1b9d646b2927f614675c6d2d9.jpg",
        "nickname": "00000199.jpg",
        "pred": 3,
        "gt": 3,
        "ok": true
      },
      {
        "name": "277ce08621424edcb139278d983f3e57.jpg",
        "nickname": "00000112.jpg",
        "pred": 0,
        "gt": 0,
        "ok": true
      },
      {
        "name": "b2ae6e0f05ed4a59ab9c783870e26004.jpg",
        "nickname": "00000033.jpg",
        "pred": 2,
        "gt": 4,
        "ok": false
      },
      {
        "name": "10a0940b19404301a43c4ba7e6de442e.jpg",
        "nickname": "00000039.jpg",
        "pred": 2,
        "gt": 2,
        "ok": true
      },
      {
        "name": "b7b544550715495c89f0680c5e8e328a.jpg",
        "nickname": "00000051.png",
        "pred": 3,
        "gt": 3,
        "ok": true
      },
      {
        "name": "b3199f825c4b43929a37f3c88b415c39.jpg",
        "nickname": "00000095.png",
        "pred": 3,
        "gt": 3,
        "ok": true
      },
      {
        "name": "0d461808682f4fcc8117aa3f2bbf980a.jpg",
        "nickname": "00000227.jpg",
        "pred": 3,
        "gt": 3,
        "ok": true
      },
      {
        "name": "e48a59aae581498f8c2e406f40479178.jpg",
        "nickname": "00000217.png",
        "pred": 3,
        "gt": 3,
        "ok": true
      },
      {
        "name": "c2d7ef89b57e430bb245e44da02309fc.jpg",
        "nickname": "00000129.jpg",
        "pred": 2,
        "gt": 2,
        "ok": true
      },
      {
        "name": "a4d91ae0166f4f92987fc4b5f0658b29.jpg",
        "nickname": "00000210.jpg",
        "pred": 0,
        "gt": 1,
        "ok": false
      },
      {
        "name": "c73ec0179fab49ce81d59f0bceeea1d6.jpg",
        "nickname": "00000223.png",
        "pred": 3,
        "gt": 4,
        "ok": false
      },
      {
        "name": "5c64443f451242dc90e8a22d97d72acf.jpg",
        "nickname": "00000131.jpg",
        "pred": 0,
        "gt": 0,
        "ok": true
      },
      {
        "name": "0618279233d3454097c46b133b6acf87.jpg",
        "nickname": "00000122.jpg",
        "pred": 4,
        "gt": 4,
        "ok": true
      },
      {
        "name": "29c32f4a914c4835a2972cb72377b7eb.jpg",
        "nickname": "00000193.png",
        "pred": 2,
        "gt": 2,
        "ok": true
      },
      {
        "name": "16a4447bc07245adb018a07f14ee9e6a.jpg",
        "nickname": "00000060.png",
        "pred": 0,
        "gt": 0,
        "ok": true
      },
      {
        "name": "a75ab8cd66ef4f16a0df410f103f7b4e.jpg",
        "nickname": "00000173.jpg",
        "pred": 4,
        "gt": 4,
        "ok": true
      },
      {
        "name": "f6141bae96534031995d516734e34ea3.jpg",
        "nickname": "00000174.png",
        "pred": 2,
        "gt": 3,
        "ok": false
      },
      {
        "name": "e3fc128d9df3406294fe2bb4c6672833.jpg",
        "nickname": "00000223.png",
        "pred": 3,
        "gt": 3,
        "ok": true
      },
      {
        "name": "14793ed2dd1d4310a9cf19eb83b993b6.jpg",
        "nickname": "00000086.jpg",
        "pred": 4,
        "gt": 4,
        "ok": true
      },
      {
        "name": "2402645e971b47339c1b71d92666ab45.jpg",
        "nickname": "00000171.jpg",
        "pred": 0,
        "gt": 0,
        "ok": true
      },
      {
        "name": "bb5d7a450d784ee69f5336ada485deef.jpg",
        "nickname": "00000041.jpg",
        "pred": 4,
        "gt": 4,
        "ok": true
      },
      {
        "name": "12052d4a9f73460796f5ec534d87cf15.jpg",
        "nickname": "00000136.jpg",
        "pred": 2,
        "gt": 2,
        "ok": true
      },
      {
        "name": "15dafaee69044d639a688e65e0c29a27.jpg",
        "nickname": "00000191.jpg",
        "pred": 0,
        "gt": 0,
        "ok": true
      },
      {
        "name": "8a4cf3a75c1b4a3c9f28950c7c62d15d.jpg",
        "nickname": "00000106.png",
        "pred": 4,
        "gt": 4,
        "ok": true
      },
      {
        "name": "c4ff91224b83467b9da882292b4364db.jpg",
        "nickname": "00000031.png",
        "pred": 1,
        "gt": 1,
        "ok": true
      },
      {
        "name": "d22e66d892ef47d49ea57134c1f9cdb3.jpg",
        "nickname": "00000031.png",
        "pred": 4,
        "gt": 4,
        "ok": true
      },
      {
        "name": "c2c78761fe344da6820b8e99c077f241.jpg",
        "nickname": "00000141.png",
        "pred": 4,
        "gt": 4,
        "ok": true
      },
      {
        "name": "c8fda417a52d4b9286567bae500190d7.jpg",
        "nickname": "00000051.png",
        "pred": 0,
        "gt": 0,
        "ok": true
      },
      {
        "name": "1b668bffcd814352b9589f2fdfd94146.jpg",
        "nickname": "00000111.png",
        "pred": 3,
        "gt": 3,
        "ok": true
      },
      {
        "name": "a420cd495c36432d9b9aa02f86ed6bc4.jpg",
        "nickname": "00000085.jpg",
        "pred": 3,
        "gt": 3,
        "ok": true
      },
      {
        "name": "91501fdce29e4a47b62ad2bf82340b41.jpg",
        "nickname": "00000106.jpg",
        "pred": 0,
        "gt": 0,
        "ok": true
      },
      {
        "name": "1b15b37de693471da91c7037d54526b4.jpg",
        "nickname": "00000134.jpg",
        "pred": 2,
        "gt": 2,
        "ok": true
      },
      {
        "name": "f266663f949b4f989cc98a7afe44c151.jpg",
        "nickname": "00000223.jpg",
        "pred": 1,
        "gt": 1,
        "ok": true
      },
      {
        "name": "1c09712f01094d1b8a1b8508aafc5b21.jpg",
        "nickname": "00000217.png",
        "pred": 4,
        "gt": 4,
        "ok": true
      },
      {
        "name": "0096e1170e6c4433aeca6d6c14267262.jpg",
        "nickname": "00000024.jpg",
        "pred": 2,
        "gt": 2,
        "ok": true
      },
      {
        "name": "b01f0b3a59054cb4a475a50d69cfe2af.jpg",
        "nickname": "00000193.jpg",
        "pred": 0,
        "gt": 0,
        "ok": true
      },
      {
        "name": "c3d5926218cb409ea5548a43030eaf5f.jpg",
        "nickname": "00000135.jpg",
        "pred": 1,
        "gt": 1,
        "ok": true
      },
      {
        "name": "6c899fde4be84bb4b6ebfd23896cf761.jpg",
        "nickname": "00000063.png",
        "pred": 1,
        "gt": 1,
        "ok": true
      },
      {
        "name": "de9dc234257d48f48dc1369f46207759.jpg",
        "nickname": "00000142.jpg",
        "pred": 4,
        "gt": 4,
        "ok": true
      },
      {
        "name": "c0db2fc5763d4eccbe46a563a2759bae.jpg",
        "nickname": "00000143.jpg",
        "pred": 0,
        "gt": 0,
        "ok": true
      },
      {
        "name": "7ff2316a5aad4a78895659696c0bf018.jpg",
        "nickname": "00000162.jpg",
        "pred": 3,
        "gt": 0,
        "ok": false
      },
      {
        "name": "c5d245379a90448ea72b2605c7279293.jpg",
        "nickname": "00000003.png",
        "pred": 1,
        "gt": 1,
        "ok": true
      },
      {
        "name": "ba33ef25c77b4e2e84b2a59abbedcaff.jpg",
        "nickname": "00000027.png",
        "pred": 1,
        "gt": 1,
        "ok": true
      },
      {
        "name": "47c524398917431e8c86fcd6686c5ee3.jpg",
        "nickname": "00000079.jpg",
        "pred": 4,
        "gt": 4,
        "ok": true
      },
      {
        "name": "fa7b7d4bd9424504a9a395b43c3fa9fe.jpg",
        "nickname": "00000102.png",
        "pred": 2,
        "gt": 2,
        "ok": true
      },
      {
        "name": "3427ab7b71fc46b787b720c29a9e3df5.jpg",
        "nickname": "00000042.jpg",
        "pred": 2,
        "gt": 2,
        "ok": true
      },
      {
        "name": "33fffc019a274ef2adbc59609922921e.jpg",
        "nickname": "00000236.jpg",
        "pred": 3,
        "gt": 1,
        "ok": false
      }
    ]
  }
}